t,euler,verlet,rk4
0.050,7.755270e-05,7.699062e-09,5.175294e-16
0.100,1.664522e-04,3.107627e-08,1.897608e-15
0.150,2.780546e-04,7.080320e-08,2.415137e-15
0.200,4.235386e-04,1.274121e-07,1.725098e-16
0.250,6.133425e-04,2.003625e-07,9.143019e-15
0.300,8.560548e-04,2.867652e-07,2.777408e-14
0.350,1.156720e-03,3.801021e-07,5.537565e-14
0.400,1.514806e-03,4.696849e-07,8.987760e-14
0.450,1.922487e-03,5.418100e-07,1.219644e-13
0.500,2.364221e-03,5.830644e-07,1.416305e-13
0.550,2.818402e-03,5.848428e-07,1.423206e-13
0.600,3.261055e-03,5.467592e-07,1.233445e-13
0.650,3.670406e-03,4.768081e-07,9.091266e-14
0.700,4.030629e-03,3.881681e-07,5.537565e-14
0.750,4.333581e-03,2.946766e-07,2.604898e-14
0.800,4.578434e-03,2.073584e-07,5.347804e-15
0.850,4.769991e-03,1.330882e-07,4.830274e-15
0.900,4.916662e-03,7.502245e-08,8.452980e-15
0.950,5.028757e-03,3.385056e-08,8.452980e-15
1.000,5.117370e-03,9.090315e-09,6.382863e-15
1.050,5.193817e-03,5.568823e-11,6.382863e-15
1.100,5.269469e-03,6.421372e-09,6.727882e-15
1.150,5.355788e-03,2.842089e-08,8.798000e-15
1.200,5.464375e-03,6.670753e-08,8.798000e-15
1.250,5.606836e-03,1.218567e-07,6.037843e-15
1.300,5.794263e-03,1.934674e-07,3.277686e-15
1.350,6.036111e-03,2.789079e-07,2.087369e-14
1.400,6.338411e-03,3.720119e-07,4.882027e-14
1.450,6.701512e-03,4.624357e-07,8.297721e-14
1.500,7.118044e-03,5.366345e-07,1.167891e-13
1.550,7.572190e-03,5.809955e-07,1.395604e-13
1.600,8.041255e-03,5.863290e-07,1.409405e-13
1.650,8.499621e-03,5.514779e-07,1.226545e-13
1.700,8.923812e-03,4.838009e-07,8.953259e-14
1.750,9.296736e-03,3.962071e-07,5.485812e-14
1.800,9.609659e-03,3.026420e-07,2.415137e-14
1.850,9.861780e-03,2.144576e-07,3.622706e-15
1.900,1.005831e-02,1.388892e-07,7.072902e-15
1.950,1.020817e-02,7.937031e-08,1.155816e-14
2.000,1.032208e-02,3.674917e-08,1.121314e-14
2.050,1.041136e-02,1.060067e-08,1.069561e-14
2.100,1.048720e-02,2.283036e-10,9.488039e-15
2.150,1.056057e-02,5.262720e-09,1.086812e-14
2.200,1.064214e-02,2.588965e-08,1.138565e-14
2.250,1.074236e-02,6.274009e-08,1.259322e-14
2.300,1.087138e-02,1.164255e-07,9.660549e-15
2.350,1.103866e-02,1.866747e-07,1.380078e-15
2.400,1.125220e-02,2.711027e-07,1.569839e-14
2.450,1.151724e-02,3.638902e-07,4.260992e-14
2.500,1.183469e-02,4.550456e-07,7.676686e-14
2.550,1.219964e-02,5.312083e-07,1.105788e-13
2.600,1.260062e-02,5.786021e-07,1.335226e-13
2.650,1.302040e-02,5.874826e-07,1.371453e-13
2.700,1.343849e-02,5.559251e-07,1.202393e-13
2.750,1.383471e-02,4.906278e-07,9.022262e-14
2.800,1.419272e-02,4.041936e-07,5.434059e-14
2.850,1.450217e-02,3.106464e-07,2.294380e-14
2.900,1.475923e-02,2.216537e-07,6.900392e-16
2.950,1.496565e-02,1.448144e-07,1.224820e-14
3.000,1.512715e-02,8.384874e-08,1.742349e-14
3.050,1.525190e-02,3.977432e-08,1.776851e-14
3.100,1.534922e-02,1.223105e-08,1.673345e-14
3.150,1.542890e-02,5.168188e-10,1.587090e-14
3.200,1.550078e-02,4.220199e-09,1.656094e-14
3.250,1.557470e-02,2.347863e-08,1.759600e-14
3.300,1.566045e-02,5.889772e-08,1.880357e-14
3.350,1.576780e-02,1.111189e-07,1.673345e-14
3.400,1.590627e-02,1.799914e-07,9.488039e-15
3.450,1.608466e-02,2.633674e-07,7.072902e-15
3.500,1.631009e-02,3.557679e-07,3.432945e-14
3.550,1.658669e-02,4.475586e-07,6.814137e-14
3.600,1.691394e-02,5.255839e-07,1.024708e-13
3.650,1.728541e-02,5.759380e-07,1.264497e-13
3.700,1.768835e-02,5.883504e-07,1.326600e-13
3.750,1.810484e-02,5.601355e-07,1.176517e-13
3.800,1.851463e-02,4.973102e-07,8.763498e-14
3.850,1.889865e-02,4.121371e-07,5.313302e-14
3.900,1.924218e-02,3.186909e-07,2.225376e-14
3.950,1.953661e-02,2.289425e-07,1.207569e-15
4.000,1.977953e-02,1.508565e-07,1.328325e-14
4.050,1.997363e-02,8.844934e-08,1.914859e-14
4.100,2.012510e-02,4.291767e-08,1.983863e-14
4.150,2.024220e-02,1.397397e-08,1.880357e-14
4.200,2.033411e-02,9.149835e-10,1.811353e-14
4.250,2.041037e-02,3.289011e-09,1.863106e-14
4.300,2.048051e-02,2.118459e-08,2.087369e-14
4.350,2.055403e-02,5.517878e-08,2.087369e-14
4.400,2.064040e-02,1.059369e-07,1.811353e-14
4.450,2.074904e-02,1.734198e-07,1.121314e-14
4.500,2.088905e-02,2.557062e-07,4.312745e-15
4.550,2.106873e-02,3.476507e-07,3.018921e-14
4.600,2.129463e-02,4.399799e-07,6.296608e-14
4.650,2.157023e-02,5.197639e-07,9.677800e-14
4.700,2.189439e-02,5.730002e-07,1.217919e-13
4.750,2.226024e-02,5.889233e-07,1.300724e-13
4.800,2.265489e-02,5.640953e-07,1.155816e-13
4.850,2.306079e-02,5.038331e-07,8.573737e-14
4.900,2.345845e-02,4.200250e-07,5.020035e-14
4.950,2.382979e-02,3.267673e-07,1.776851e-14
5.000,2.416107e-02,2.363204e-07,5.692823e-15
5.050,2.444443e-02,1.570161e-07,1.828604e-14
5.100,2.467786e-02,9.317558e-08,2.432388e-14
5.150,2.486415e-02,4.618469e-08,2.484141e-14
5.200,2.500941e-02,1.583623e-08,2.432388e-14
5.250,2.512169e-02,1.430441e-09,2.380635e-14
5.300,2.520998e-02,2.477222e-09,2.449639e-14
5.350,2.528368e-02,1.901550e-08,2.570396e-14
5.400,2.535236e-02,5.159044e-08,2.673902e-14
5.450,2.542571e-02,1.008849e-07,2.501392e-14
5.500,2.551358e-02,1.669618e-07,1.845855e-14
5.550,2.562600e-02,2.481158e-07,3.450196e-15
5.600,2.577291e-02,3.395275e-07,2.121871e-14
5.650,2.596353e-02,4.322884e-07,5.313302e-14
5.700,2.620524e-02,5.137152e-07,8.832502e-14
5.750,2.650188e-02,5.697445e-07,1.150640e-13
5.800,2.685190e-02,5.891495e-07,1.240345e-13
5.850,2.724686e-02,5.677523e-07,1.123039e-13
5.900,2.767131e-02,5.101513e-07,8.401227e-14
5.950,2.810456e-02,4.278247e-07,4.709517e-14
6.000,2.852426e-02,3.348566e-07,1.535337e-14
6.050,2.891061e-02,2.437804e-07,8.107961e-15
6.100,2.924960e-02,1.632940e-07,2.259878e-14
6.150,2.953437e-02,9.803228e-08,2.932667e-14
6.200,2.976464e-02,4.958091e-08,3.087925e-14
6.250,2.994516e-02,1.782178e-08,2.949918e-14
6.300,3.008374e-02,2.064357e-09,2.915416e-14
6.350,3.018975e-02,1.782855e-09,2.915416e-14
6.400,3.027308e-02,1.696674e-08,2.949918e-14
6.450,3.034360e-02,4.812684e-08,3.174180e-14
6.500,3.041103e-02,9.595812e-08,3.053423e-14
6.550,3.048491e-02,1.606174e-07,2.501392e-14
6.600,3.057466e-02,2.406048e-07,1.086812e-14
6.650,3.068957e-02,3.314195e-07,1.293823e-14
6.700,3.083850e-02,4.245192e-07,4.433502e-14
6.750,3.102924e-02,5.074847e-07,7.952702e-14
6.800,3.126752e-02,5.662234e-07,1.074736e-13
6.850,3.155554e-02,5.890797e-07,1.178242e-13
6.900,3.189050e-02,5.711489e-07,1.081636e-13
6.950,3.226365e-02,5.162960e-07,8.073459e-14
7.000,3.266051e-02,4.355558e-07,4.571510e-14
7.050,3.306262e-02,3.429691e-07,1.121314e-14
7.100,3.345063e-02,2.513254e-07,1.345576e-14
7.150,3.380764e-02,1.696883e-07,2.880914e-14
7.200,3.412178e-02,1.030144e-07,3.536451e-14
7.250,3.438716e-02,5.309953e-08,3.743463e-14
7.300,3.460350e-02,1.992310e-08,3.639957e-14
7.350,3.477481e-02,2.809146e-09,3.553702e-14
7.400,3.490784e-02,1.198719e-09,3.519200e-14
7.450,3.501081e-02,1.503189e-08,3.674459e-14
7.500,3.509255e-02,4.478278e-08,3.691710e-14
7.550,3.516199e-02,9.115331e-08,3.708961e-14
7.600,3.522800e-02,1.543859e-07,3.156929e-14
7.650,3.529938e-02,2.331763e-07,1.983863e-14
7.700,3.538484e-02,3.233338e-07,2.242627e-15
7.750,3.549302e-02,4.166828e-07,3.346690e-14
7.800,3.563220e-02,5.010840e-07,6.727882e-14
7.850,3.580983e-02,5.624466e-07,9.643298e-14
7.900,3.603159e-02,5.887187e-07,1.105788e-13
7.950,3.630019e-02,5.742842e-07,1.016083e-13
8.000,3.661404e-02,5.222623e-07,7.642184e-14
8.050,3.696625e-02,4.432122e-07,4.088482e-14
8.100,3.734454e-02,3.510994e-07,7.417921e-15
8.150,3.773252e-02,2.589524e-07,1.880357e-14
8.200,3.811219e-02,1.761981e-07,3.570953e-14
8.250,3.846694e-02,1.081230e-07,4.329996e-14
8.300,3.878420e-02,5.674314e-08,4.554259e-14
8.350,3.905667e-02,2.214412e-08,4.468004e-14
8.400,3.928244e-02,3.669974e-09,4.347247e-14
8.450,3.946391e-02,7.311543e-10,4.329996e-14
8.500,3.960655e-02,1.321830e-08,4.468004e-14
8.550,3.971756e-02,4.156625e-08,4.554259e-14
8.600,3.980497e-02,8.647842e-08,4.537008e-14
8.650,3.987709e-02,1.482742e-07,4.088482e-14
8.700,3.994219e-02,2.258343e-07,2.915416e-14
8.750,4.000845e-02,3.152692e-07,8.798000e-15
8.800,4.008397e-02,4.087699e-07,2.190874e-14
8.850,4.017671e-02,4.944928e-07,5.692823e-14
8.900,4.029442e-02,5.583808e-07,8.711745e-14
8.950,4.044429e-02,5.880223e-07,1.019533e-13
9.000,4.063231e-02,5.771084e-07,9.695051e-14
9.050,4.086240e-02,5.280022e-07,7.331666e-14
9.100,4.113527e-02,4.507546e-07,3.812467e-14
9.150,4.144741e-02,3.592207e-07,3.795216e-15
9.200,4.179051e-02,2.666460e-07,2.328882e-14
9.250,4.215194e-02,1.828174e-07,4.088482e-14
9.300,4.251621e-02,1.133577e-07,4.951031e-14
9.350,4.286738e-02,6.051411e-08,5.244298e-14
9.400,4.319160e-02,2.448751e-08,5.123541e-14
9.450,4.347893e-02,4.648402e-09,4.951031e-14
9.500,4.372421e-02,3.799621e-10,4.951031e-14
9.550,4.392672e-02,1.152415e-08,4.985533e-14
9.600,4.408937e-02,3.847475e-08,5.054537e-14
9.650,4.421747e-02,8.193203e-08,4.985533e-14
9.700,4.431781e-02,1.422847e-07,4.571510e-14
9.750,4.439793e-02,2.185881e-07,3.536451e-14
9.800,4.446567e-02,3.072449e-07,1.466333e-14
9.850,4.452903e-02,4.008107e-07,1.569839e-14
9.900,4.459613e-02,4.877505e-07,5.158043e-14
9.950,4.467523e-02,5.540700e-07,8.176964e-14
10.000,4.477470e-02,5.870318e-07,9.919313e-14
10.050,4.490285e-02,5.796549e-07,9.557043e-14
10.100,4.506747e-02,5.335388e-07,7.228161e-14
10.150,4.527505e-02,4.581961e-07,3.915972e-14
10.200,4.552953e-02,3.673382e-07,3.795216e-15
10.250,4.583093e-02,2.744067e-07,2.363384e-14
10.300,4.617407e-02,1.895434e-07,4.140235e-14
10.350,4.654806e-02,1.187141e-07,4.968282e-14
10.400,4.693719e-02,6.440727e-08,5.261549e-14
10.450,4.732316e-02,2.694797e-08,5.227047e-14
10.500,4.768822e-02,5.739272e-09,5.089039e-14
10.550,4.801810e-02,1.402757e-10,5.054537e-14
10.600,4.830383e-02,9.944889e-09,5.158043e-14
10.650,4.854205e-02,3.550402e-08,5.330553e-14
10.700,4.873423e-02,7.751028e-08,5.330553e-14
10.750,4.888529e-02,1.364140e-07,5.020035e-14
10.800,4.900224e-02,2.114355e-07,3.984976e-14
10.850,4.909309e-02,2.992600e-07,1.897608e-14
10.900,4.916622e-02,3.928055e-07,9.833058e-15
10.950,4.923002e-02,4.808572e-07,4.485255e-14
11.000,4.929282e-02,5.495119e-07,7.797443e-14
11.050,4.936293e-02,5.857415e-07,9.712302e-14
11.100,4.944864e-02,5.819146e-07,9.436286e-14
11.150,4.955817e-02,5.388618e-07,7.297164e-14
11.200,4.969945e-02,4.655285e-07,3.967725e-14
11.250,4.987948e-02,3.754474e-07,4.140235e-15
11.300,5.010344e-02,2.822339e-07,2.363384e-14
11.350,5.037340e-02,1.963790e-07,4.243741e-14
11.400,5.068706e-02,1.241973e-07,5.261549e-14
11.450,5.103680e-02,6.842870e-08,5.468561e-14
11.500,5.140981e-02,2.953194e-08,5.572066e-14
11.550,5.178954e-02,6.948992e-09,5.485812e-14
11.600,5.215830e-02,1.825757e-11,5.468561e-14
11.650,5.250026e-02,8.486263e-09,5.537565e-14
11.700,5.280384e-02,3.265918e-08,5.606568e-14
11.750,5.306277e-02,7.321729e-08,5.537565e-14
11.800,5.327593e-02,1.306648e-07,5.209796e-14
11.850,5.344627e-02,2.043767e-07,4.088482e-14
11.900,5.357945e-02,2.913110e-07,2.190874e-14
11.950,5.368269e-02,3.847450e-07,7.762941e-15
12.000,5.376386e-02,4.737960e-07,4.209239e-14
12.050,5.383105e-02,5.446805e-07,7.555929e-14
12.100,5.389229e-02,5.841167e-07,9.470788e-14
12.150,5.395554e-02,5.838480e-07,9.332780e-14
12.200,5.402877e-02,5.439328e-07,7.159157e-14
12.250,5.411988e-02,4.727199e-07,3.881470e-14
12.300,5.423668e-02,3.835265e-07,3.277686e-15
12.350,5.438649e-02,2.901160e-07,2.587647e-14
12.400,5.457554e-02,2.033201e-07,4.537008e-14
12.450,5.480795e-02,1.298079e-07,5.468561e-14
12.500,5.508456e-02,7.258075e-08,5.882584e-14
12.550,5.540173e-02,3.224124e-08,5.813580e-14
12.600,5.575076e-02,8.277603e-09,5.658321e-14
12.650,5.611831e-02,1.167736e-11,5.641070e-14
12.700,5.648807e-02,7.144075e-09,5.589317e-14
12.750,5.684339e-02,2.993519e-08,5.727325e-14
12.800,5.716999e-02,6.904926e-08,5.779078e-14
12.850,5.745793e-02,1.250376e-07,5.503063e-14
12.900,5.770232e-02,1.974202e-07,4.571510e-14
12.950,5.790297e-02,2.834184e-07,2.829161e-14
13.000,5.806327e-02,3.766642e-07,5.175294e-16
13.050,5.818891e-02,4.666151e-07,3.415694e-14
13.100,5.828688e-02,5.396323e-07,6.745133e-14
13.150,5.836464e-02,5.822141e-07,8.918757e-14
13.200,5.842974e-02,5.855039e-07,9.039513e-14
13.250,5.848962e-02,5.487875e-07,7.055651e-14
13.300,5.855156e-02,4.797921e-07,3.777965e-14
13.350,5.862269e-02,3.915855e-07,1.552588e-15
13.400,5.871001e-02,2.980540e-07,2.742906e-14
13.450,5.882024e-02,2.103625e-07,4.675016e-14
13.500,5.895958e-02,1.355384e-07,5.761827e-14
13.550,5.913316e-02,7.685478e-08,6.158600e-14
13.600,5.934435e-02,3.506744e-08,6.193102e-14
13.650,5.959379e-02,9.717620e-09,6.089596e-14
13.700,5.987864e-02,1.144794e-10,6.055094e-14
13.750,6.019202e-02,5.913919e-09,6.072345e-14
13.800,6.052334e-02,2.732941e-08,6.227604e-14
13.850,6.085945e-02,6.500536e-08,6.262106e-14
13.900,6.118648e-02,1.195335e-07,6.020592e-14
13.950,6.149190e-02,1.905692e-07,5.296051e-14
14.000,6.176626e-02,2.755870e-07,3.519200e-14
14.050,6.200399e-02,3.685686e-07,8.107961e-15
14.100,6.220343e-02,4.593188e-07,2.604898e-14
14.150,6.236616e-02,5.343674e-07,5.899835e-14
14.200,6.249617e-02,5.800274e-07,8.090710e-14
14.250,6.259891e-02,5.868691e-07,8.366725e-14
14.300,6.268065e-02,5.534090e-07,6.607125e-14
14.350,6.274806e-02,4.867280e-07,3.570953e-14
14.400,6.280792e-02,3.996105e-07,5.175294e-16
14.450,6.286708e-02,3.060394e-07,2.880914e-14
14.500,6.293246e-02,2.175025e-07,5.002784e-14
14.550,6.301099e-02,1.413895e-07,6.296608e-14
14.600,6.310964e-02,8.125450e-08,6.676129e-14
14.650,6.323513e-02,3.801624e-08,6.676129e-14
14.700,6.339354e-02,1.127614e-08,6.607125e-14
14.750,6.358961e-02,3.346349e-10,6.520870e-14
14.800,6.382581e-02,4.804219e-09,6.572623e-14
14.850,6.410127e-02,2.485016e-08,6.624376e-14
14.900,6.441101e-02,6.109308e-08,6.641627e-14
14.950,6.474567e-02,1.141579e-07,6.331110e-14
15.000,6.509233e-02,1.838257e-07,5.537565e-14
15.050,6.543621e-02,2.678134e-07,3.950474e-14
15.100,6.576297e-02,3.604468e-07,1.259322e-14
15.150,6.606083e-02,4.518850e-07,1.932110e-14
15.200,6.632204e-02,5.288517e-07,5.296051e-14
15.250,6.654317e-02,5.775112e-07,7.693937e-14
15.300,6.672467e-02,5.878920e-07,8.194215e-14
15.350,6.686995e-02,5.577459e-07,6.607125e-14
15.400,6.698429e-02,4.934847e-07,3.605455e-14
15.450,6.707406e-02,4.075713e-07,1.207569e-15
15.500,6.714610e-02,3.140552e-07,2.915416e-14
15.550,6.720740e-02,2.247344e-07,5.123541e-14
15.600,6.726499e-02,1.473625e-07,6.348361e-14
15.650,6.732590e-02,8.578448e-08,6.883141e-14
15.700,6.739720e-02,4.109251e-08,6.986647e-14
15.750,6.748599e-02,1.295625e-08,6.831388e-14
15.800,6.759926e-02,6.724261e-10,6.779635e-14
15.850,6.774356e-02,3.812227e-09,6.779635e-14
15.900,6.792443e-02,2.249232e-08,6.865890e-14
15.950,6.814546e-02,5.730647e-08,6.934894e-14
16.000,6.840729e-02,1.089068e-07,6.745133e-14
16.050,6.870653e-02,1.771910e-07,6.055094e-14
16.100,6.903529e-02,2.601083e-07,4.399000e-14
16.150,6.938152e-02,3.523222e-07,1.863106e-14
16.200,6.973049e-02,4.443510e-07,1.397329e-14
16.250,7.006702e-02,5.231330e-07,4.813023e-14
16.300,7.037790e-02,5.747178e-07,7.348917e-14
16.350,7.065366e-02,5.886215e-07,8.194215e-14
16.400,7.088931e-02,5.618385e-07,6.779635e-14
16.450,7.108414e-02,5.000906e-07,3.743463e-14
16.500,7.124078e-02,4.154856e-07,2.242627e-15
16.550,7.136414e-02,3.221105e-07,2.932667e-14
16.600,7.146046e-02,2.320604e-07,5.192545e-14
16.650,7.153659e-02,1.534554e-07,6.503619e-14
16.700,7.159958e-02,9.043992e-08,7.090153e-14
16.750,7.165652e-02,4.428994e-08,7.228161e-14
16.800,7.171451e-02,1.475103e-08,7.210910e-14
16.850,7.178065e-02,1.120906e-09,7.141906e-14
16.900,7.186213e-02,2.931374e-09,7.159157e-14
16.950,7.196611e-02,2.025001e-08,7.262662e-14
17.000,7.209950e-02,5.364072e-08,7.366168e-14
17.050,7.226844e-02,1.037770e-07,7.159157e-14
17.100,7.247748e-02,1.706642e-07,6.503619e-14
17.150,7.272851e-02,2.524739e-07,5.054537e-14
17.200,7.301962e-02,3.442002e-07,2.639400e-14
17.250,7.334430e-02,4.367244e-07,5.347804e-15
17.300,7.369145e-02,5.172190e-07,3.933223e-14
17.350,7.404656e-02,5.716518e-07,6.520870e-14
17.400,7.439381e-02,5.890571e-07,7.400670e-14
17.450,7.471868e-02,5.656816e-07,6.262106e-14
17.500,7.501011e-02,5.065387e-07,3.432945e-14
17.550,7.526159e-02,4.233467e-07,1.207569e-15
17.600,7.547121e-02,3.302006e-07,3.329439e-14
17.650,7.564085e-02,2.394788e-07,5.744576e-14
17.700,7.577501e-02,1.596685e-07,7.038400e-14
17.750,7.587975e-02,9.522309e-08,7.624933e-14
17.800,7.596184e-02,4.761209e-08,7.745690e-14
17.850,7.602823e-02,1.666508e-08,7.745690e-14
17.900,7.608582e-02,1.685555e-09,7.676686e-14
17.950,7.614134e-02,2.167966e-09,7.676686e-14
18.000,7.620136e-02,1.813023e-08,7.797443e-14
18.050,7.627236e-02,5.010326e-08,7.883698e-14
18.100,7.636062e-02,9.877572e-08,7.814694e-14
18.150,7.647219e-02,1.642516e-07,7.124655e-14
18.200,7.661250e-02,2.449139e-07,5.813580e-14
18.250,7.678589e-02,3.360800e-07,3.415694e-14
18.300,7.699489e-02,4.289965e-07,2.587647e-15
18.350,7.723942e-02,5.110904e-07,3.156929e-14
18.400,7.751603e-02,5.682819e-07,5.848082e-14
18.450,7.781766e-02,5.891579e-07,6.952145e-14
18.500,7.813400e-02,5.692298e-07,5.865333e-14
18.550,7.845265e-02,5.127861e-07,3.208682e-14
18.600,7.876091e-02,4.311203e-07,2.932667e-15
18.650,7.904758e-02,3.383024e-07,3.570953e-14
18.700,7.930439e-02,2.469769e-07,6.055094e-14
18.750,7.952664e-02,1.659971e-07,7.538678e-14
18.800,7.971314e-02,1.001337e-07,8.228717e-14
18.850,7.986557e-02,5.106051e-08,8.401227e-14
18.900,7.998768e-02,1.869981e-08,8.366725e-14
18.950,8.008450e-02,2.366555e-09,8.314972e-14
19.000,8.016172e-02,1.520568e-09,8.297721e-14
19.050,8.022534e-02,1.613033e-08,8.366725e-14
19.100,8.028140e-02,4.669137e-08,8.504733e-14
19.150,8.033595e-02,9.390229e-08,8.332223e-14
19.200,8.039502e-02,1.579572e-07,7.762941e-14
19.250,8.046462e-02,2.374407e-07,6.365612e-14
19.300,8.055070e-02,3.279846e-07,4.053980e-14
19.350,8.065904e-02,4.212021e-07,9.488039e-15
19.400,8.079493e-02,5.047908e-07,2.449639e-14
19.450,8.096268e-02,5.646549e-07,5.296051e-14
19.500,8.116498e-02,5.889663e-07,6.486368e-14
19.550,8.140206e-02,5.725161e-07,5.675572e-14
19.600,8.167104e-02,5.188544e-07,3.156929e-14
19.650,8.196551e-02,4.388178e-07,2.932667e-15
19.700,8.227585e-02,3.464197e-07,3.605455e-14
19.750,8.259024e-02,2.545534e-07,6.210353e-14
19.800,8.289628e-02,1.724370e-07,7.745690e-14
19.850,8.318277e-02,1.051664e-07,8.401227e-14
19.900,8.344114e-02,5.462955e-08,8.642741e-14
19.950,8.366625e-02,2.084986e-08,8.608239e-14
20.000,8.385635e-02,3.159121e-09,8.539235e-14
20.050,8.401261e-02,9.850646e-10,8.504733e-14
20.100,8.413836e-02,1.424678e-08,8.573737e-14
20.150,8.423826e-02,4.340203e-08,8.711745e-14
20.200,8.431776e-02,8.915408e-08,8.677243e-14
20.250,8.438265e-02,1.517790e-07,8.142462e-14
20.300,8.443883e-02,2.300524e-07,6.917643e-14
20.350,8.449221e-02,3.199124e-07,4.640514e-14
20.400,8.454873e-02,4.133387e-07,1.604341e-14
20.450,8.461433e-02,4.983155e-07,1.742349e-14
20.500,8.469495e-02,5.607621e-07,4.692267e-14
20.550,8.479641e-02,5.884693e-07,6.141349e-14
20.600,8.492419e-02,5.755247e-07,5.399557e-14
20.650,8.508294e-02,5.247282e-07,2.811910e-14
20.700,8.527588e-02,4.464275e-07,6.555372e-15
20.750,8.550399e-02,3.545462e-07,4.053980e-14
20.800,8.576521e-02,2.622074e-07,6.676129e-14
20.850,8.605399e-02,1.789916e-07,8.263219e-14
20.900,8.636135e-02,1.103269e-07,8.970509e-14
20.950,8.667575e-02,5.832617e-08,9.263776e-14
21.000,8.698462e-02,2.312253e-08,9.263776e-14
21.050,8.727620e-02,4.070388e-09,9.056764e-14
21.100,8.754113e-02,5.681284e-10,9.022262e-14
21.150,8.777340e-02,1.248557e-08,9.125768e-14
21.200,8.797051e-02,4.024026e-08,9.177521e-14
21.250,8.813309e-02,8.453477e-08,9.194772e-14
21.300,8.826407e-02,1.457187e-07,8.711745e-14
21.350,8.836795e-02,2.227480e-07,7.573180e-14
21.400,8.845012e-02,3.118583e-07,5.399557e-14
21.450,8.851640e-02,4.053956e-07,2.328882e-14
21.500,8.857277e-02,4.916459e-07,1.086812e-14
21.550,8.862528e-02,5.565758e-07,4.088482e-14
21.600,8.868007e-02,5.876315e-07,5.572066e-14
21.650,8.874332e-02,5.782168e-07,5.002784e-14
21.700,8.882134e-02,5.303713e-07,2.673902e-14
21.750,8.892046e-02,4.539211e-07,6.900392e-15
21.800,8.904677e-02,3.626637e-07,4.157486e-14
21.850,8.920570e-02,2.699304e-07,6.883141e-14
21.900,8.940129e-02,1.856589e-07,8.608239e-14
21.950,8.963527e-02,1.156170e-07,9.470788e-14
22.000,8.990605e-02,6.215291e-08,9.746804e-14
22.050,9.020806e-02,2.551922e-08,9.608796e-14
22.100,9.053167e-02,5.099523e-09,9.505290e-14
22.150,9.086412e-02,2.664012e-10,9.401784e-14
22.200,9.119127e-02,1.084132e-08,9.505290e-14
22.250,9.149983e-02,3.720004e-08,9.591545e-14
22.300,9.177925e-02,8.004004e-08,9.643298e-14
22.350,9.202292e-02,1.397770e-07,9.263776e-14
22.400,9.222829e-02,2.155376e-07,8.125211e-14
22.450,9.239631e-02,3.038455e-07,6.072345e-14
22.500,9.253051e-02,3.974110e-07,3.156929e-14
22.550,9.263599e-02,4.848338e-07,2.242627e-15
22.600,9.271868e-02,5.521555e-07,3.277686e-14
22.650,9.278481e-02,5.865115e-07,4.916529e-14
22.700,9.284061e-02,5.806419e-07,4.623263e-14
22.750,9.289222e-02,5.358199e-07,2.328882e-14
22.800,9.294567e-02,4.613202e-07,1.000557e-14
22.850,9.300692e-02,3.707820e-07,4.381749e-14
22.900,9.308186e-02,2.777232e-07,7.159157e-14
22.950,9.317628e-02,1.924344e-07,8.918757e-14
23.000,9.329562e-02,1.210291e-07,9.919313e-14
23.050,9.344464e-02,6.610114e-08,1.012633e-13
23.100,9.362682e-02,2.803155e-08,1.005732e-13
23.150,9.384361e-02,6.239208e-09,9.867560e-14
23.200,9.409366e-02,7.411038e-11,9.833058e-14
23.250,9.437228e-02,9.310045e-09,9.867560e-14
23.300,9.467134e-02,3.427923e-08,1.004007e-13
23.350,9.498000e-02,7.566971e-08,1.002282e-13
23.400,9.528604e-02,1.339558e-07,9.781306e-14
23.450,9.557763e-02,2.084247e-07,8.711745e-14
23.500,9.584499e-02,2.958792e-07,6.796886e-14
23.550,9.608147e-02,3.893900e-07,3.777965e-14
23.600,9.628387e-02,4.778818e-07,2.415137e-15
23.650,9.645215e-02,5.474987e-07,2.898165e-14
23.700,9.658872e-02,5.850996e-07,4.744019e-14
23.750,9.669763e-02,5.827839e-07,4.502506e-14
23.800,9.678389e-02,5.410544e-07,2.397886e-14
23.850,9.685297e-02,4.686068e-07,8.452980e-15
23.900,9.691047e-02,3.788872e-07,4.295494e-14
23.950,9.696196e-02,2.855776e-07,7.159157e-14
24.000,9.701297e-02,1.993150e-07,9.074015e-14
24.050,9.706894e-02,1.265642e-07,1.009182e-13
24.100,9.713530e-02,7.017486e-08,1.033334e-13
24.150,9.721738e-02,3.066548e-08,1.029883e-13
24.200,9.732029e-02,7.496737e-09,1.016083e-13
24.250,9.744871e-02,5.823931e-13,1.016083e-13
24.300,9.760640e-02,7.900346e-09,1.017808e-13
24.350,9.779569e-02,3.148639e-08,1.033334e-13
24.400,9.801677e-02,7.143151e-08,1.038509e-13
24.450,9.826707e-02,1.282608e-07,1.014358e-13
24.500,9.854101e-02,2.014119e-07,9.281027e-14
24.550,9.883018e-02,2.879560e-07,7.417921e-14
24.600,9.912415e-02,3.813213e-07,4.571510e-14
24.650,9.941186e-02,4.707681e-07,1.069561e-14
24.700,9.968310e-02,5.425712e-07,2.277129e-14
24.750,9.992983e-02,5.833508e-07,4.260992e-14
24.800,1.001469e-01,5.845922e-07,4.399000e-14
24.850,1.003322e-01,5.460259e-07,2.397886e-14
24.900,1.004862e-01,4.757403e-07,8.970509e-15
24.950,1.006114e-01,3.869516e-07,4.399000e-14
25.000,1.007118e-01,2.934785e-07,7.366168e-14
25.050,1.007920e-01,2.062957e-07,9.229274e-14
25.100,1.008570e-01,1.322238e-07,1.026433e-13
25.150,1.009120e-01,7.437809e-08,1.057485e-13
25.200,1.009621e-01,3.342498e-08,1.064385e-13
25.250,1.010125e-01,8.874219e-09,1.036784e-13
25.300,1.010682e-01,4.169579e-11,1.029883e-13
25.350,1.011344e-01,6.608810e-09,1.033334e-13
25.400,1.012158e-01,2.881610e-08,1.043684e-13
25.450,1.013174e-01,6.731975e-08,1.047134e-13
25.500,1.014434e-01,1.226889e-07,1.017808e-13
25.550,1.015972e-01,1.945021e-07,9.229274e-14
25.600,1.017809e-01,2.800891e-07,7.504176e-14
25.650,1.019944e-01,3.732310e-07,4.588761e-14
25.700,1.022353e-01,4.635317e-07,1.155816e-14
25.750,1.024983e-01,5.374215e-07,2.104620e-14
25.800,1.027757e-01,5.813162e-07,4.122984e-14
25.850,1.030577e-01,5.861130e-07,4.329996e-14
25.900,1.033342e-01,5.507711e-07,2.535894e-14
25.950,1.035955e-01,4.827464e-07,6.727882e-15
26.000,1.038341e-01,3.949904e-07,4.122984e-14
26.050,1.040449e-01,3.014333e-07,7.245412e-14
26.100,1.042257e-01,2.133782e-07,9.281027e-14
26.150,1.043768e-01,1.380055e-07,1.029883e-13
26.200,1.045002e-01,7.870622e-08,1.071286e-13
26.250,1.045995e-01,3.630422e-08,1.067836e-13
26.300,1.046790e-01,1.036541e-08,1.054035e-13
26.350,1.047435e-01,1.947696e-10,1.047134e-13
26.400,1.047978e-01,5.429624e-09,1.047134e-13
26.450,1.048472e-01,2.626313e-08,1.055760e-13
26.500,1.048967e-01,6.333005e-08,1.057485e-13
26.550,1.049515e-01,1.172370e-07,1.031609e-13
26.600,1.050171e-01,1.876939e-07,9.401784e-14
26.650,1.050987e-01,2.722794e-07,7.676686e-14
26.700,1.052016e-01,3.651221e-07,5.123541e-14
26.750,1.053308e-01,4.561765e-07,1.742349e-14
26.800,1.054904e-01,5.320521e-07,1.466333e-14
26.850,1.056830e-01,5.789944e-07,3.795216e-14
26.900,1.059090e-01,5.873404e-07,4.191988e-14
26.950,1.061660e-01,5.552809e-07,2.535894e-14
27.000,1.064479e-01,4.896156e-07,7.072902e-15
27.050,1.067459e-01,4.029965e-07,4.278243e-14
27.100,1.070486e-01,3.094382e-07,7.297164e-14
27.150,1.073441e-01,2.205618e-07,9.505290e-14
27.200,1.076216e-01,1.439113e-07,1.060935e-13
27.250,1.078726e-01,8.316284e-08,1.105788e-13
27.300,1.080920e-01,3.930778e-08,1.112688e-13
27.350,1.082777e-01,1.197552e-08,1.107513e-13
27.400,1.084306e-01,4.643338e-10,1.102338e-13
27.450,1.085538e-01,4.368928e-09,1.109238e-13
27.500,1.086516e-01,2.383399e-08,1.129939e-13
27.550,1.087289e-01,5.946910e-08,1.143740e-13
27.600,1.087911e-01,1.119115e-07,1.123039e-13
27.650,1.088437e-01,1.809929e-07,1.045409e-13
27.700,1.088919e-01,2.645302e-07,8.884255e-14
27.750,1.089411e-01,3.569935e-07,6.227604e-14
27.800,1.089966e-01,4.486943e-07,2.898165e-14
27.850,1.090639e-01,5.264448e-07,5.002784e-15
27.900,1.091481e-01,5.763567e-07,3.001670e-14
27.950,1.092544e-01,5.882370e-07,3.519200e-14
28.000,1.093875e-01,5.595147e-07,2.087369e-14
28.050,1.095511e-01,4.963105e-07,8.798000e-15
28.100,1.097473e-01,4.109406e-07,4.468004e-14
28.150,1.099757e-01,3.174740e-07,7.607682e-14
28.200,1.102333e-01,2.278365e-07,9.884811e-14
28.250,1.105136e-01,1.499373e-07,1.129939e-13
28.300,1.108072e-01,8.774754e-08,1.181692e-13
28.350,1.111030e-01,4.243636e-08,1.188593e-13
28.400,1.113897e-01,1.370472e-08,1.185142e-13
28.450,1.116569e-01,8.492050e-10,1.179967e-13
28.500,1.118972e-01,3.424061e-09,1.179967e-13
28.550,1.121061e-01,2.152518e-08,1.186867e-13
28.600,1.122823e-01,5.573403e-08,1.197218e-13
28.650,1.124271e-01,1.067126e-07,1.185142e-13
28.700,1.125435e-01,1.744053e-07,1.100613e-13
28.750,1.126361e-01,2.568572e-07,9.367282e-14
28.800,1.127095e-01,3.488730e-07,6.762384e-14
28.850,1.127691e-01,4.411248e-07,3.467447e-14
28.900,1.128199e-01,5.206477e-07,1.207569e-15
28.950,1.128671e-01,5.734524e-07,2.466890e-14
29.000,1.129158e-01,5.888463e-07,3.260435e-14
29.050,1.129710e-01,5.635049e-07,1.742349e-14
29.100,1.130377e-01,5.028515e-07,1.086812e-14
29.150,1.131208e-01,4.188327e-07,4.588761e-14
29.200,1.132250e-01,3.255429e-07,7.849196e-14
29.250,1.133546e-01,2.351994e-07,1.019533e-13
29.300,1.135128e-01,1.560783e-07,1.160991e-13
29.350,1.137015e-01,9.245421e-08,1.216194e-13
29.400,1.139202e-01,4.568391e-08,1.231720e-13
29.450,1.141661e-01,1.554768e-08,1.219644e-13
29.500,1.144333e-01,1.345055e-09,1.209294e-13
29.550,1.147133e-01,2.591740e-09,1.209294e-13
29.600,1.149961e-01,1.933432e-08,1.216194e-13
29.650,1.152713e-01,5.212311e-08,1.228270e-13
29.700,1.155294e-01,1.016388e-07,1.221369e-13
29.750,1.157631e-01,1.679299e-07,1.157541e-13
29.800,1.159681e-01,2.492589e-07,1.017808e-13
29.850,1.161427e-01,3.407579e-07,7.814694e-14
29.900,1.162877e-01,4.334628e-07,4.606012e-14
29.950,1.164056e-01,5.146514e-07,1.190318e-14
30.000,1.165001e-01,5.702665e-07,1.466333e-14
30.050,1.165757e-01,5.891483e-07,2.294380e-14
30.100,1.166370e-01,5.672297e-07,1.259322e-14
30.150,1.166887e-01,5.092187e-07,1.604341e-14
30.200,1.167356e-01,4.266584e-07,5.227047e-14
30.250,1.167823e-01,3.336375e-07,8.452980e-14
30.300,1.168333e-01,2.426497e-07,1.090262e-13
30.350,1.168931e-01,1.623380e-07,1.226545e-13
30.400,1.169660e-01,9.728920e-08,1.281748e-13
30.450,1.170563e-01,4.905810e-08,1.298999e-13
30.500,1.171678e-01,1.751238e-08,1.295549e-13
30.550,1.173036e-01,1.959580e-09,1.278298e-13
30.600,1.174657e-01,1.879027e-09,1.285198e-13
30.650,1.176547e-01,1.726755e-08,1.293823e-13
30.700,1.178691e-01,4.864126e-08,1.309349e-13
30.750,1.181050e-01,9.669357e-08,1.297274e-13
30.800,1.183564e-01,1.615676e-07,1.245521e-13
30.850,1.186155e-01,2.417331e-07,1.102338e-13
30.900,1.188735e-01,3.326418e-07,8.746247e-14
30.950,1.191218e-01,4.256958e-07,5.503063e-14
31.000,1.193529e-01,5.084352e-07,2.087369e-14
31.050,1.195614e-01,5.667700e-07,7.072902e-15
31.100,1.197440e-01,5.891073e-07,1.811353e-14
31.150,1.198997e-01,5.706511e-07,7.072902e-15
31.200,1.200295e-01,5.153783e-07,2.087369e-14
31.250,1.201357e-01,4.343923e-07,5.641070e-14
31.300,1.202216e-01,3.417425e-07,8.970509e-14
31.350,1.202911e-01,2.501810e-07,1.143740e-13
31.400,1.203483e-01,1.687159e-07,1.295549e-13
31.450,1.203976e-01,1.022549e-07,1.362827e-13
31.500,1.204432e-01,5.256143e-08,1.380078e-13
31.550,1.204896e-01,1.959967e-08,1.374903e-13
31.600,1.205413e-01,2.691068e-09,1.361102e-13
31.650,1.206027e-01,1.281516e-09,1.361102e-13
31.700,1.206782e-01,1.531847e-08,1.371453e-13
31.750,1.207722e-01,4.528168e-08,1.381803e-13
31.800,1.208888e-01,9.187222e-08,1.380078e-13
31.850,1.210313e-01,1.553200e-07,1.333501e-13
31.900,1.212018e-01,2.342916e-07,1.202393e-13
31.950,1.214008e-01,3.245503e-07,9.833058e-14
32.000,1.216265e-01,4.178651e-07,6.676129e-14
32.050,1.218745e-01,5.020539e-07,3.294937e-14
32.100,1.221381e-01,5.630241e-07,4.657765e-15
32.150,1.224084e-01,5.887823e-07,8.107961e-15
32.200,1.226758e-01,5.738186e-07,1.725098e-16
32.250,1.229311e-01,5.213656e-07,2.570396e-14
32.300,1.231665e-01,4.420558e-07,6.193102e-14
32.350,1.233766e-01,3.498677e-07,9.488039e-14
32.400,1.235586e-01,2.577943e-07,1.202393e-13
32.450,1.237121e-01,1.752077e-07,1.371453e-13
32.500,1.238386e-01,1.073440e-07,1.437007e-13
32.550,1.239409e-01,5.618557e-08,1.455983e-13
32.600,1.240229e-01,2.180149e-08,1.445632e-13
32.650,1.240888e-01,3.532571e-09,1.437007e-13
32.700,1.241431e-01,7.938375e-10,1.431831e-13
32.750,1.241904e-01,1.348352e-08,1.443907e-13
32.800,1.242351e-01,4.204269e-08,1.447357e-13
32.850,1.242819e-01,8.717502e-08,1.450807e-13
32.900,1.243354e-01,1.491890e-07,1.405955e-13
32.950,1.244001e-01,2.269382e-07,1.288648e-13
33.000,1.244808e-01,3.164884e-07,1.064385e-13
33.050,1.245819e-01,4.099749e-07,7.469674e-14
33.100,1.247075e-01,4.955082e-07,4.140235e-14
33.150,1.248607e-01,5.590236e-07,1.155816e-14
33.200,1.250433e-01,5.881606e-07,4.657765e-15
33.250,1.252552e-01,5.767133e-07,1.552588e-15
33.300,1.254936e-01,5.271597e-07,2.708404e-14
33.350,1.257529e-01,4.496302e-07,6.227604e-14
33.400,1.260253e-01,3.579993e-07,9.557043e-14
33.450,1.263009e-01,2.654818e-07,1.228270e-13
33.500,1.265697e-01,1.818109e-07,1.392154e-13
33.550,1.268224e-01,1.125580e-07,1.468058e-13
33.600,1.270518e-01,5.993480e-08,1.495660e-13
33.650,1.272534e-01,2.412397e-08,1.490485e-13
33.700,1.274254e-01,4.491442e-09,1.488760e-13
33.750,1.275684e-01,4.241576e-10,1.488760e-13
33.800,1.276847e-01,1.177129e-08,1.492210e-13
33.850,1.277778e-01,3.893286e-08,1.507736e-13
33.900,1.278520e-01,8.260985e-08,1.504285e-13
33.950,1.279118e-01,1.431809e-07,1.455983e-13
34.000,1.279618e-01,2.196757e-07,1.340401e-13
34.050,1.280067e-01,3.084533e-07,1.129939e-13
34.100,1.280509e-01,4.020146e-07,8.366725e-14
34.150,1.280993e-01,4.887769e-07,4.847525e-14
34.200,1.281563e-01,5.547350e-07,1.811353e-14
34.250,1.282267e-01,5.871986e-07,2.587647e-15
34.300,1.283149e-01,5.792868e-07,8.452980e-15
34.350,1.284253e-01,5.327147e-07,3.191431e-14
34.400,1.285616e-01,4.570782e-07,6.555372e-14
34.450,1.287266e-01,3.661123e-07,9.850309e-14
34.500,1.289212e-01,2.732305e-07,1.259322e-13
34.550,1.291442e-01,1.885212e-07,1.430106e-13
34.600,1.293918e-01,1.178980e-07,1.512911e-13
34.650,1.296573e-01,6.381235e-08,1.535337e-13
34.700,1.299319e-01,2.657002e-08,1.530162e-13
34.750,1.302055e-01,5.568713e-09,1.514636e-13
34.800,1.304683e-01,1.709512e-10,1.507736e-13
34.850,1.307118e-01,1.017781e-08,1.519811e-13
34.900,1.309298e-01,3.594670e-08,1.533612e-13
34.950,1.311191e-01,7.817157e-08,1.543963e-13
35.000,1.312790e-01,1.372938e-07,1.509461e-13
35.050,1.314107e-01,2.125093e-07,1.402505e-13
35.100,1.315172e-01,3.004611e-07,1.200668e-13
35.150,1.316024e-01,3.940129e-07,9.074015e-14
35.200,1.316705e-01,4.819010e-07,5.675572e-14
35.250,1.317259e-01,5.502072e-07,2.570396e-14
35.300,1.317732e-01,5.859457e-07,6.900392e-15
35.350,1.318167e-01,5.815822e-07,9.488039e-15
35.400,1.318606e-01,5.380635e-07,3.156929e-14
35.450,1.319092e-01,4.644222e-07,6.520870e-14
35.500,1.319666e-01,3.742196e-07,9.902062e-14
35.550,1.320367e-01,2.810457e-07,1.267947e-13
35.600,1.321235e-01,1.953392e-07,1.449082e-13
35.650,1.322304e-01,1.233615e-07,1.542238e-13
35.700,1.323602e-01,6.781380e-08,1.575014e-13
35.750,1.325149e-01,2.913434e-08,1.581915e-13
35.800,1.326949e-01,6.758910e-09,1.568114e-13
35.850,1.328988e-01,2.892748e-11,1.557763e-13
35.900,1.331231e-01,8.698156e-09,1.571564e-13
35.950,1.333622e-01,3.307976e-08,1.592265e-13
36.000,1.336090e-01,7.385633e-08,1.587090e-13
36.050,1.338554e-01,1.315246e-07,1.540512e-13
36.100,1.340933e-01,2.054369e-07,1.443907e-13
36.150,1.343157e-01,2.925109e-07,1.250696e-13
36.200,1.345173e-01,3.859698e-07,9.660549e-14
36.250,1.346948e-01,4.748796e-07,6.227604e-14
36.300,1.348471e-01,5.454366e-07,2.949918e-14
36.350,1.349748e-01,5.843941e-07,1.017808e-14
36.400,1.350800e-01,5.835879e-07,1.017808e-14
36.450,1.351655e-01,5.431930e-07,3.105176e-14
36.500,1.352347e-01,4.716506e-07,6.503619e-14
36.550,1.352915e-01,3.823135e-07,9.919313e-14
36.600,1.353397e-01,2.889247e-07,1.281748e-13
36.650,1.353831e-01,2.022658e-07,1.464608e-13
36.700,1.354257e-01,1.289518e-07,1.578465e-13
36.750,1.354712e-01,7.194403e-08,1.612967e-13
36.800,1.355237e-01,3.182249e-08,1.612967e-13
36.850,1.355869e-01,8.067805e-09,1.607791e-13
36.900,1.356645e-01,3.931671e-12,1.599166e-13
36.950,1.357602e-01,7.338214e-09,1.602616e-13
37.000,1.358769e-01,3.033795e-08,1.623317e-13
37.050,1.360171e-01,6.966998e-08,1.619867e-13
37.100,1.361819e-01,1.258789e-07,1.588815e-13
37.150,1.363709e-01,1.984633e-07,1.485309e-13
37.200,1.365819e-01,2.846055e-07,1.288648e-13
37.250,1.368105e-01,3.778843e-07,1.009182e-13
37.300,1.370506e-01,4.677053e-07,6.641627e-14
37.350,1.372946e-01,5.404065e-07,3.450196e-14
37.400,1.375346e-01,5.825173e-07,1.328325e-14
37.450,1.377630e-01,5.852700e-07,1.293823e-14
37.500,1.379738e-01,5.480672e-07,3.208682e-14
37.550,1.381625e-01,4.787312e-07,6.434615e-14
37.600,1.383270e-01,3.903697e-07,9.936564e-14
37.650,1.384669e-01,2.968520e-07,1.288648e-13
37.700,1.385833e-01,2.092931e-07,1.481859e-13
37.750,1.386786e-01,1.346661e-07,1.592265e-13
37.800,1.387559e-01,7.620249e-08,1.623317e-13
37.850,1.388187e-01,3.463429e-08,1.623317e-13
37.900,1.388708e-01,9.494332e-09,1.616417e-13
37.950,1.389158e-01,9.342406e-11,1.609516e-13
38.000,1.389577e-01,6.094110e-09,1.614692e-13
38.050,1.390004e-01,2.771695e-08,1.630218e-13
38.100,1.390477e-01,6.560951e-08,1.640568e-13
38.150,1.391036e-01,1.203577e-07,1.616417e-13
38.200,1.391719e-01,1.915970e-07,1.519811e-13
38.250,1.392565e-01,2.767642e-07,1.336951e-13
38.300,1.393610e-01,3.697886e-07,1.071286e-13
38.350,1.394883e-01,4.604224e-07,7.383419e-14
38.400,1.396406e-01,5.351689e-07,3.984976e-14
38.450,1.398185e-01,5.803672e-07,1.845855e-14
38.500,1.400211e-01,5.866730e-07,1.500835e-14
38.550,1.402449e-01,5.527184e-07,3.139678e-14
38.600,1.404846e-01,4.856835e-07,6.451866e-14
38.650,1.407330e-01,3.983969e-07,9.919313e-14
38.700,1.409817e-01,3.048283e-07,1.292098e-13
38.750,1.412224e-01,2.164172e-07,1.518086e-13
38.800,1.414478e-01,1.404982e-07,1.623317e-13
38.850,1.416522e-01,8.058240e-08,1.666445e-13
38.900,1.418322e-01,3.756343e-08,1.666445e-13
38.950,1.419865e-01,1.103328e-08,1.650919e-13
39.000,1.421156e-01,2.935829e-10,1.645743e-13
39.050,1.422216e-01,4.963409e-09,1.657819e-13
39.100,1.423072e-01,2.521551e-08,1.661269e-13
39.150,1.423762e-01,6.167448e-08,1.664720e-13
39.200,1.424323e-01,1.149609e-07,1.640568e-13
39.250,1.424794e-01,1.848375e-07,1.556038e-13
39.300,1.425215e-01,2.689854e-07,1.399054e-13
39.350,1.425627e-01,3.616789e-07,1.133389e-13
39.400,1.426071e-01,4.530230e-07,7.952702e-14
39.450,1.426586e-01,5.297098e-07,4.537008e-14
39.500,1.427216e-01,5.779231e-07,2.190874e-14
39.550,1.428002e-01,5.877708e-07,1.690596e-14
39.600,1.428984e-01,5.571196e-07,3.329439e-14
39.650,1.430198e-01,4.924840e-07,6.469117e-14
39.700,1.431673e-01,4.063787e-07,9.971066e-14
39.750,1.433424e-01,3.128456e-07,1.309349e-13
39.800,1.435448e-01,2.236371e-07,1.533612e-13
39.850,1.437719e-01,1.464520e-07,1.647469e-13
39.900,1.440186e-01,8.509061e-08,1.697496e-13
39.950,1.442774e-01,4.061809e-08,1.695771e-13
40.000,1.445395e-01,1.269312e-08,1.678520e-13
40.050,1.447954e-01,6.125342e-10,1.673345e-13
40.100,1.450366e-01,3.953489e-09,1.675070e-13
40.150,1.452564e-01,2.283993e-08,1.688871e-13
40.200,1.454505e-01,5.786980e-08,1.702672e-13
40.250,1.456169e-01,1.096915e-07,1.683696e-13
40.300,1.457561e-01,1.781854e-07,1.612967e-13
40.350,1.458700e-01,2.612666e-07,1.462883e-13
40.400,1.459617e-01,3.535477e-07,1.209294e-13
40.450,1.460350e-01,4.454930e-07,8.884255e-14
40.500,1.460940e-01,5.240069e-07,5.520314e-14
40.550,1.461427e-01,5.751544e-07,3.156929e-14
40.600,1.461853e-01,5.885273e-07,2.604898e-14
40.650,1.462257e-01,5.612338e-07,4.053980e-14
40.700,1.462678e-01,4.991011e-07,6.952145e-14
40.750,1.463157e-01,4.142926e-07,1.041959e-13
40.800,1.463730e-01,3.208913e-07,1.357652e-13
40.850,1.464437e-01,2.309484e-07,1.578465e-13
40.900,1.465313e-01,1.525283e-07,1.704397e-13
40.950,1.466390e-01,8.972984e-08,1.763050e-13
41.000,1.467695e-01,4.380056e-08,1.768225e-13
41.050,1.469244e-01,1.447410e-08,1.761325e-13
41.100,1.471038e-01,1.047711e-09,1.754425e-13
41.150,1.473062e-01,3.059006e-09,1.750974e-13
41.200,1.475278e-01,2.058295e-08,1.768225e-13
41.250,1.477629e-01,5.418808e-08,1.773401e-13
41.300,1.480044e-01,1.045449e-07,1.754425e-13
41.350,1.482443e-01,1.716430e-07,1.695771e-13
41.400,1.484747e-01,2.536209e-07,1.547413e-13
41.450,1.486892e-01,3.454232e-07,1.292098e-13
41.500,1.488828e-01,4.378765e-07,9.643298e-14
41.550,1.490527e-01,5.181170e-07,6.262106e-14
41.600,1.491980e-01,5.721233e-07,3.588204e-14
41.650,1.493195e-01,5.890011e-07,2.708404e-14
41.700,1.494194e-01,5.651091e-07,3.950474e-14
41.750,1.495005e-01,5.055687e-07,6.934894e-14
41.800,1.495661e-01,4.221588e-07,1.040234e-13
41.850,1.496198e-01,3.289744e-07,1.362827e-13
41.900,1.496652e-01,2.383519e-07,1.604341e-13
41.950,1.497060e-01,1.587227e-07,1.740624e-13
42.000,1.497458e-01,9.449316e-08,1.806178e-13
42.050,1.497881e-01,4.710298e-08,1.814803e-13
42.100,1.498363e-01,1.636867e-08,1.813078e-13
42.150,1.498941e-01,1.592676e-09,1.801002e-13
42.200,1.499647e-01,2.275074e-09,1.799277e-13
42.250,1.500514e-01,1.844144e-08,1.816528e-13
42.300,1.501569e-01,5.062801e-08,1.819978e-13
42.350,1.502836e-01,9.952169e-08,1.823429e-13
42.400,1.504326e-01,1.652123e-07,1.747524e-13
42.450,1.506040e-01,2.460519e-07,1.614692e-13
42.500,1.507962e-01,3.373093e-07,1.371453e-13
42.550,1.510058e-01,4.301758e-07,1.047134e-13
42.600,1.512277e-01,5.120383e-07,7.021149e-14
42.650,1.514555e-01,5.688212e-07,4.364498e-14
42.700,1.516822e-01,5.891761e-07,3.329439e-14
42.750,1.519009e-01,5.687244e-07,4.364498e-14
42.800,1.521054e-01,5.118651e-07,7.090153e-14
42.850,1.522914e-01,4.299589e-07,1.057485e-13
42.900,1.524560e-01,3.370822e-07,1.388704e-13
42.950,1.525982e-01,2.458411e-07,1.626767e-13
43.000,1.527182e-01,1.650338e-07,1.775126e-13
43.050,1.528179e-01,9.938275e-08,1.838954e-13
43.100,1.528995e-01,5.052999e-08,1.852755e-13
43.150,1.529661e-01,1.838308e-08,1.833779e-13
43.200,1.530208e-01,2.254731e-09,1.819978e-13
43.250,1.530669e-01,1.609689e-09,1.826879e-13
43.300,1.531078e-01,1.642379e-08,1.838954e-13
43.350,1.531468e-01,4.719799e-08,1.840680e-13
43.400,1.531873e-01,9.462964e-08,1.840680e-13
43.450,1.532326e-01,1.588998e-07,1.788927e-13
43.500,1.532860e-01,2.385631e-07,1.652644e-13
43.550,1.533509e-01,3.292044e-07,1.402505e-13
43.600,1.534303e-01,4.223818e-07,1.079911e-13
43.650,1.535271e-01,5.057510e-07,7.348917e-14
43.700,1.536437e-01,5.652167e-07,4.485255e-14
43.750,1.537818e-01,5.890117e-07,3.294937e-14
43.800,1.539418e-01,5.720346e-07,4.243741e-14
43.850,1.541228e-01,5.179479e-07,6.883141e-14
43.900,1.543221e-01,4.376593e-07,1.041959e-13
43.950,1.545356e-01,3.451925e-07,1.368003e-13
44.000,1.547573e-01,2.534042e-07,1.611242e-13
44.050,1.549808e-01,1.714578e-07,1.761325e-13
44.100,1.551991e-01,1.043992e-07,1.825154e-13
44.150,1.554060e-01,5.408383e-08,1.835504e-13
44.200,1.555964e-01,2.051903e-08,1.819978e-13
44.250,1.557669e-01,3.033774e-09,1.802727e-13
44.300,1.559156e-01,1.060453e-09,1.806178e-13
44.350,1.560425e-01,1.452556e-08,1.813078e-13
44.400,1.561486e-01,4.389267e-08,1.826879e-13
44.450,1.562359e-01,8.986453e-08,1.819978e-13
44.500,1.563071e-01,1.527053e-07,1.764775e-13
44.550,1.563653e-01,2.311621e-07,1.633668e-13
44.600,1.564136e-01,3.211275e-07,1.416305e-13
44.650,1.564554e-01,4.145261e-07,1.105788e-13
44.700,1.564942e-01,4.992979e-07,7.538678e-14
44.750,1.565332e-01,5.613585e-07,4.640514e-14
44.800,1.565761e-01,5.885548e-07,3.398443e-14
44.850,1.566263e-01,5.750796e-07,4.053980e-14
44.900,1.566875e-01,5.238465e-07,6.572623e-14
44.950,1.567631e-01,4.452788e-07,1.005732e-13
45.000,1.568567e-01,3.533152e-07,1.340401e-13
45.050,1.569713e-01,2.610451e-07,1.588815e-13
45.100,1.571091e-01,1.779941e-07,1.747524e-13
45.150,1.572715e-01,1.095397e-07,1.818253e-13
45.200,1.574580e-01,5.776023e-08,1.844130e-13
45.250,1.576664e-01,2.277180e-08,1.844130e-13
45.300,1.578922e-01,3.925166e-09,1.833779e-13
45.350,1.581293e-01,6.230712e-10,1.830329e-13
45.400,1.583701e-01,1.274288e-08,1.837229e-13
45.450,1.586065e-01,4.070852e-08,1.851030e-13
45.500,1.588311e-01,8.522311e-08,1.851030e-13
45.550,1.590376e-01,1.466259e-07,1.818253e-13
45.600,1.592220e-01,2.238463e-07,1.702672e-13
45.650,1.593821e-01,3.130758e-07,1.492210e-13
45.700,1.595177e-01,4.066050e-07,1.190318e-13
45.750,1.596301e-01,4.926729e-07,8.383976e-14
45.800,1.597217e-01,5.572364e-07,5.399557e-14
45.850,1.597956e-01,5.877909e-07,3.881470e-14
45.900,1.598552e-01,5.778415e-07,4.433502e-14
45.950,1.599041e-01,5.295435e-07,6.779635e-14
46.000,1.599458e-01,4.528041e-07,1.022983e-13
46.050,1.599841e-01,3.614429e-07,1.371453e-13
46.100,1.600224e-01,2.687618e-07,1.642293e-13
46.150,1.600643e-01,1.846452e-07,1.813078e-13
46.200,1.601134e-01,1.148090e-07,1.899333e-13
46.250,1.601733e-01,6.156531e-08,1.916584e-13
46.300,1.602474e-01,2.514783e-08,1.913134e-13
46.350,1.603391e-01,4.935163e-09,1.906233e-13
46.400,1.604513e-01,3.034420e-10,1.899333e-13
46.450,1.605862e-01,1.108127e-08,1.907958e-13
46.500,1.607451e-01,3.765073e-08,1.916584e-13
46.550,1.609274e-01,8.071028e-08,1.916584e-13
46.600,1.611311e-01,1.406661e-07,1.878632e-13
46.650,1.613518e-01,2.166195e-07,1.775126e-13
46.700,1.615837e-01,3.050515e-07,1.568114e-13
46.750,1.618194e-01,3.986173e-07,1.267947e-13
46.800,1.620511e-01,4.858689e-07,9.263776e-14
46.850,1.622715e-01,5.528350e-07,6.055094e-14
46.900,1.624748e-01,5.866958e-07,4.347247e-14
46.950,1.626567e-01,5.802903e-07,4.675016e-14
47.000,1.628151e-01,5.350078e-07,7.090153e-14
47.050,1.629498e-01,4.602079e-07,1.050585e-13
47.100,1.630618e-01,3.695557e-07,1.404230e-13
47.150,1.631534e-01,2.765422e-07,1.687146e-13
47.200,1.632276e-01,1.914050e-07,1.871731e-13
47.250,1.632875e-01,1.202049e-07,1.961436e-13
47.300,1.633367e-01,6.549828e-08,1.980412e-13
47.350,1.633785e-01,2.764608e-08,1.978687e-13
47.400,1.634165e-01,6.061490e-09,1.971787e-13
47.450,1.634539e-01,9.772352e-11,1.961436e-13
47.500,1.634941e-01,9.535690e-09,1.973512e-13
47.550,1.635403e-01,3.471423e-08,1.990763e-13
47.600,1.635959e-01,7.632302e-08,1.989038e-13
47.650,1.636640e-01,1.348278e-07,1.961436e-13
47.700,1.637476e-01,2.094923e-07,1.849305e-13
47.750,1.638495e-01,2.970774e-07,1.654369e-13
47.800,1.639717e-01,3.905999e-07,1.359377e-13
47.850,1.641155e-01,4.789350e-07,1.021258e-13
47.900,1.642809e-01,5.482099e-07,7.021149e-14
47.950,1.644664e-01,5.853235e-07,5.175294e-14
48.000,1.646688e-01,5.824708e-07,5.399557e-14
48.050,1.648834e-01,5.402711e-07,7.607682e-14
48.100,1.651040e-01,4.675088e-07,1.083362e-13
48.150,1.653240e-01,3.776610e-07,1.424931e-13
48.200,1.655367e-01,2.843860e-07,1.714747e-13
48.250,1.657361e-01,1.982688e-07,1.914859e-13
48.300,1.659180e-01,1.257206e-07,2.018365e-13
48.350,1.660794e-01,6.955196e-08,2.049416e-13
48.400,1.662191e-01,3.026014e-08,2.047691e-13
48.450,1.663376e-01,7.299179e-09,2.035616e-13
48.500,1.664362e-01,2.660964e-12,2.030440e-13
48.550,1.665172e-01,8.104570e-09,2.033891e-13
48.600,1.665833e-01,3.189886e-08,2.047691e-13
48.650,1.666374e-01,7.206205e-08,2.049416e-13
48.700,1.666827e-01,1.291122e-07,2.009739e-13
48.750,1.667222e-01,2.024651e-07,1.916584e-13
48.800,1.667590e-01,2.891521e-07,1.728548e-13
48.850,1.667961e-01,3.825475e-07,1.454258e-13
48.900,1.668365e-01,4.718602e-07,1.104063e-13
48.950,1.668832e-01,5.433426e-07,7.780192e-14
49.000,1.669390e-01,5.836480e-07,5.779078e-14
49.050,1.670067e-01,5.843522e-07,5.917086e-14
49.100,1.670889e-01,5.453024e-07,7.780192e-14
49.150,1.671878e-01,4.746808e-07,1.091987e-13
49.200,1.673052e-01,3.857415e-07,1.443907e-13
49.250,1.674418e-01,2.922849e-07,1.744074e-13
49.300,1.675977e-01,2.052356e-07,1.933835e-13
49.350,1.677711e-01,1.313603e-07,2.039066e-13
49.400,1.679594e-01,7.373353e-08,2.071843e-13
49.450,1.681583e-01,3.299854e-08,2.068392e-13
49.500,1.683626e-01,8.657006e-09,2.058042e-13
49.550,1.685665e-01,2.664121e-11,2.058042e-13
49.600,1.687642e-01,6.795486e-09,2.064942e-13
49.650,1.689507e-01,2.921104e-08,2.075293e-13
49.700,1.691219e-01,6.793233e-08,2.089094e-13
49.750,1.692752e-01,1.235222e-07,2.059767e-13
49.800,1.694092e-01,1.955385e-07,1.976962e-13
49.850,1.695241e-01,2.812724e-07,1.788927e-13
49.900,1.696207e-01,3.744522e-07,1.523262e-13
49.950,1.697008e-01,4.646296e-07,1.181692e-13
50.000,1.697668e-01,5.382099e-07,8.608239e-14
50.050,1.698211e-01,5.816380e-07,6.469117e-14
50.100,1.698666e-01,5.858981e-07,6.244855e-14
50.150,1.699062e-01,5.500661e-07,8.211466e-14
50.200,1.699427e-01,4.816945e-07,1.129939e-13
50.250,1.699790e-01,3.937769e-07,1.487034e-13
50.300,1.700180e-01,3.002283e-07,1.782026e-13
50.350,1.700629e-01,2.123024e-07,1.978687e-13
50.400,1.701166e-01,1.371253e-07,2.089094e-13
50.450,1.701820e-01,7.804573e-08,2.130496e-13
50.500,1.702620e-01,3.586313e-08,2.133946e-13
50.550,1.703593e-01,1.013452e-08,2.106345e-13
50.600,1.704760e-01,1.662853e-10,2.099444e-13
50.650,1.706133e-01,5.602300e-09,2.109795e-13
50.700,1.707717e-01,2.664289e-08,2.120145e-13
50.750,1.709497e-01,6.392621e-08,2.130496e-13
50.800,1.711449e-01,1.180535e-07,2.106345e-13
50.850,1.713527e-01,1.887154e-07,2.026990e-13
50.900,1.715675e-01,2.734535e-07,1.857931e-13
50.950,1.717830e-01,3.663442e-07,1.581915e-13
51.000,1.719926e-01,4.572891e-07,1.242071e-13
51.050,1.721905e-01,5.328695e-07,9.056764e-14
51.100,1.723721e-01,5.793549e-07,6.865890e-14
51.150,1.725343e-01,5.871654e-07,6.469117e-14
51.200,1.726755e-01,5.546076e-07,8.194215e-14
51.250,1.727959e-01,4.885815e-07,1.129939e-13
51.300,1.728965e-01,4.017860e-07,1.481859e-13
51.350,1.729792e-01,3.082244e-07,1.794102e-13
51.400,1.730467e-01,2.194700e-07,2.006289e-13
51.450,1.731018e-01,1.430117e-07,2.125321e-13
51.500,1.731474e-01,8.248213e-08,2.170173e-13
51.550,1.731867e-01,3.884668e-08,2.171898e-13
51.600,1.732227e-01,1.172485e-08,2.161548e-13
51.650,1.732585e-01,4.157995e-10,2.154647e-13
51.700,1.732972e-01,4.520680e-09,2.156372e-13
51.750,1.733419e-01,2.419169e-08,2.173623e-13
51.800,1.733958e-01,6.004259e-08,2.182249e-13
51.850,1.734622e-01,1.127066e-07,2.170173e-13
51.900,1.735439e-01,1.819978e-07,2.082193e-13
51.950,1.736437e-01,2.656980e-07,1.909683e-13
52.000,1.737640e-01,3.582260e-07,1.640568e-13
52.050,1.739061e-01,4.498388e-07,1.309349e-13
52.100,1.740702e-01,5.273161e-07,9.746804e-14
52.150,1.742550e-01,5.767867e-07,7.297164e-14
52.200,1.744573e-01,5.881350e-07,6.814137e-14
52.250,1.746724e-01,5.589044e-07,8.435729e-14
52.300,1.748940e-01,4.953199e-07,1.138565e-13
52.350,1.751153e-01,4.097514e-07,1.485309e-13
52.400,1.753293e-01,3.162621e-07,1.809628e-13
52.450,1.755299e-01,2.267333e-07,2.033891e-13
52.500,1.757126e-01,1.490192e-07,2.158098e-13
52.550,1.758745e-01,8.704573e-08,2.216751e-13
52.600,1.760142e-01,4.195428e-08,2.225376e-13
52.650,1.761323e-01,1.343436e-08,2.227101e-13
52.700,1.762301e-01,7.823397e-10,2.215026e-13
52.750,1.763100e-01,3.558308e-09,2.211576e-13
52.800,1.763747e-01,2.186544e-08,2.220201e-13
52.850,1.764273e-01,5.628957e-08,2.235727e-13
52.900,1.764710e-01,1.074892e-07,2.215026e-13
52.950,1.765088e-01,1.753924e-07,2.144297e-13
53.000,1.765440e-01,2.580102e-07,2.001114e-13
53.050,1.765795e-01,3.500973e-07,1.740624e-13
53.100,1.766186e-01,4.422713e-07,1.412855e-13
53.150,1.766643e-01,5.215325e-07,1.067836e-13
53.200,1.767196e-01,5.739049e-07,8.280470e-14
53.250,1.767877e-01,5.887696e-07,7.435172e-14
53.300,1.768714e-01,5.629153e-07,8.711745e-14
53.350,1.769734e-01,5.018717e-07,1.179967e-13
53.400,1.770955e-01,4.176431e-07,1.521536e-13
53.450,1.772389e-01,3.243218e-07,1.833779e-13
53.500,1.774035e-01,2.340820e-07,2.068392e-13
53.550,1.775878e-01,1.551441e-07,2.209851e-13
53.600,1.777883e-01,9.173650e-08,2.261603e-13
53.650,1.780003e-01,4.518702e-08,2.271954e-13
53.700,1.782176e-01,1.526346e-08,2.254703e-13
53.750,1.784335e-01,1.264643e-09,2.251253e-13
53.800,1.786415e-01,2.711948e-09,2.244352e-13
53.850,1.788360e-01,1.965939e-08,2.254703e-13
53.900,1.790128e-01,5.266212e-08,2.271954e-13
53.950,1.791691e-01,1.023983e-07,2.258153e-13
54.000,1.793042e-01,1.689011e-07,2.182249e-13
54.050,1.794183e-01,2.504008e-07,2.040791e-13
54.100,1.795131e-01,3.419806e-07,1.794102e-13
54.150,1.795907e-01,4.346213e-07,1.474959e-13
54.200,1.796539e-01,5.155632e-07,1.128214e-13
54.250,1.797056e-01,5.707578e-07,8.521984e-14
54.300,1.797486e-01,5.891142e-07,7.573180e-14
54.350,1.797860e-01,5.666766e-07,8.815251e-14
54.400,1.798207e-01,5.082622e-07,1.159266e-13
54.450,1.798554e-01,4.254766e-07,1.511186e-13
54.500,1.798931e-01,3.324109e-07,1.837229e-13
54.550,1.799363e-01,2.415179e-07,2.066667e-13
54.600,1.799878e-01,1.613849e-07,2.202950e-13
54.650,1.800503e-01,9.655107e-08,2.270229e-13
54.700,1.801260e-01,4.854075e-08,2.268504e-13
54.750,1.802173e-01,1.720800e-08,2.277129e-13
54.800,1.803256e-01,1.858944e-09,2.263329e-13
54.850,1.804521e-01,1.978364e-09,2.258153e-13
54.900,1.805968e-01,1.757075e-08,2.275404e-13
54.950,1.807585e-01,4.915769e-08,2.299556e-13
55.000,1.809350e-01,9.743123e-08,2.282305e-13
55.050,1.811227e-01,1.625209e-07,2.213301e-13
55.100,1.813169e-01,2.428660e-07,2.071843e-13
55.150,1.815123e-01,3.338705e-07,1.837229e-13
55.200,1.817035e-01,4.268810e-07,1.506011e-13
55.250,1.818856e-01,5.093961e-07,1.160991e-13
55.300,1.820545e-01,5.673282e-07,8.849753e-14
55.350,1.822072e-01,5.891468e-07,7.676686e-14
55.400,1.823422e-01,5.701648e-07,8.642741e-14
55.450,1.824590e-01,5.144706e-07,1.131664e-13
55.500,1.825581e-01,4.332369e-07,1.490485e-13
55.550,1.826411e-01,3.405219e-07,1.813078e-13
55.600,1.827098e-01,2.490401e-07,2.056317e-13
55.650,1.827664e-01,1.677452e-07,2.202950e-13
55.700,1.828135e-01,1.014957e-07,2.275404e-13
55.750,1.828536e-01,5.202271e-08,2.290930e-13
55.800,1.828893e-01,1.927517e-08,2.285755e-13
55.850,1.829232e-01,2.571876e-09,2.266779e-13
55.900,1.829578e-01,1.363434e-09,2.259878e-13
55.950,1.829957e-01,1.560464e-08,2.265054e-13
56.000,1.830395e-01,4.578076e-08,2.280580e-13
56.050,1.830919e-01,9.259197e-08,2.282305e-13
56.100,1.831551e-01,1.562555e-07,2.223651e-13
56.150,1.832317e-01,2.354089e-07,2.094269e-13
56.200,1.833237e-01,3.257688e-07,1.871731e-13
56.250,1.834326e-01,4.190490e-07,1.568114e-13
56.300,1.835595e-01,5.030246e-07,1.223094e-13
56.350,1.837042e-01,5.636018e-07,9.281027e-14
56.400,1.838658e-01,5.888456e-07,8.056208e-14
56.450,1.840418e-01,5.733532e-07,9.022262e-14
56.500,1.842286e-01,5.204700e-07,1.164441e-13
56.550,1.844216e-01,4.409016e-07,1.518086e-13
56.600,1.846155e-01,3.486389e-07,1.861381e-13
56.650,1.848052e-01,2.566395e-07,2.113245e-13
56.700,1.849855e-01,1.742208e-07,2.284030e-13
56.750,1.851527e-01,1.065686e-07,2.351309e-13
56.800,1.853037e-01,5.563186e-08,2.372010e-13
56.850,1.854371e-01,2.146313e-08,2.366834e-13
56.900,1.855524e-01,3.400036e-09,2.356484e-13
56.950,1.856502e-01,8.620962e-10,2.354759e-13
57.000,1.857320e-01,1.375494e-08,2.358209e-13
57.050,1.857997e-01,4.252558e-08,2.365109e-13
57.100,1.858554e-01,8.787754e-08,2.368560e-13
57.150,1.859017e-01,1.501079e-07,2.320257e-13
57.200,1.859411e-01,2.280424e-07,2.192600e-13
57.250,1.859762e-01,3.177018e-07,1.971787e-13
57.300,1.860095e-01,4.111664e-07,1.668170e-13
57.350,1.860438e-01,4.965016e-07,1.319700e-13
57.400,1.860817e-01,5.596371e-07,1.016083e-13
57.450,1.861258e-01,5.882661e-07,8.798000e-14
57.500,1.861788e-01,5.762868e-07,9.643298e-14
57.550,1.862435e-01,5.262915e-07,1.198943e-13
57.600,1.863222e-01,4.484881e-07,1.557763e-13
57.650,1.864174e-01,3.567685e-07,1.895883e-13
57.700,1.865306e-01,2.643151e-07,2.164998e-13
57.750,1.866630e-01,1.808063e-07,2.330607e-13
57.800,1.868144e-01,1.117628e-07,2.415137e-13
57.850,1.869837e-01,5.936084e-08,2.434113e-13
57.900,1.871682e-01,2.376556e-08,2.425488e-13
57.950,1.873637e-01,4.338800e-09,2.420312e-13
58.000,1.875651e-01,4.716972e-10,2.416862e-13
58.050,1.877666e-01,1.202092e-08,2.428938e-13
58.100,1.879624e-01,3.939297e-08,2.437563e-13
58.150,1.881472e-01,8.328972e-08,2.430663e-13
58.200,1.883171e-01,1.440799e-07,2.385811e-13
58.250,1.884691e-01,2.207675e-07,2.275404e-13
58.300,1.886020e-01,3.096679e-07,2.056317e-13
58.350,1.887157e-01,4.032266e-07,1.754425e-13
58.400,1.888112e-01,4.898136e-07,1.399054e-13
58.450,1.888901e-01,5.554118e-07,1.098887e-13
58.500,1.889548e-01,5.873777e-07,9.384533e-14
58.550,1.890076e-01,5.789306e-07,9.902062e-14
58.600,1.890514e-01,5.319014e-07,1.229995e-13
58.650,1.890888e-01,4.559692e-07,1.578465e-13
58.700,1.891225e-01,3.648930e-07,1.923484e-13
58.750,1.891554e-01,2.720585e-07,2.201225e-13
58.800,1.891902e-01,1.875011e-07,2.372010e-13
58.850,1.892297e-01,1.170825e-07,2.459990e-13
58.900,1.892767e-01,6.321700e-08,2.480691e-13
58.950,1.893342e-01,2.619109e-08,2.482416e-13
59.000,1.894049e-01,5.397058e-09,2.475516e-13
59.050,1.894914e-01,2.007226e-10,2.472065e-13
59.100,1.895961e-01,1.041024e-08,2.475516e-13
59.150,1.897205e-01,3.638946e-08,2.484141e-13
59.200,1.898656e-01,7.883358e-08,2.492767e-13
59.250,1.900308e-01,1.381749e-07,2.458265e-13
59.300,1.902140e-01,2.135847e-07,2.354759e-13
59.350,1.904118e-01,3.016639e-07,2.147747e-13
59.400,1.906190e-01,3.952215e-07,1.852755e-13
59.450,1.908297e-01,4.829452e-07,1.512911e-13
59.500,1.910375e-01,5.509020e-07,1.209294e-13
59.550,1.912362e-01,5.861490e-07,1.040234e-13
59.600,1.914208e-01,5.812491e-07,1.064385e-13
59.650,1.915875e-01,5.372655e-07,1.281748e-13
59.700,1.917343e-01,4.633174e-07,1.611242e-13
59.750,1.918605e-01,3.729943e-07,1.951086e-13
59.800,1.919668e-01,2.798608e-07,2.230552e-13
59.850,1.920549e-01,1.943030e-07,2.415137e-13
59.900,1.921269e-01,1.225294e-07,2.503117e-13
59.950,1.921855e-01,6.720282e-08,2.523818e-13
60.000,1.922334e-01,2.874101e-08,2.527269e-13
60.050,1.922734e-01,6.573619e-09,2.511743e-13
60.100,1.923083e-01,4.504731e-11,2.504842e-13
60.150,1.923408e-01,8.916136e-09,2.506567e-13
60.200,1.923736e-01,3.350679e-08,2.513468e-13
60.250,1.924093e-01,7.450151e-08,2.518643e-13
60.300,1.924506e-01,1.323890e-07,2.485866e-13
60.350,1.925001e-01,2.064986e-07,2.382360e-13
60.400,1.925601e-01,2.937070e-07,2.189149e-13
60.450,1.926332e-01,3.871833e-07,1.911409e-13
60.500,1.927214e-01,4.759436e-07,1.566389e-13
60.550,1.928264e-01,5.461653e-07,1.247246e-13
60.600,1.929492e-01,5.846395e-07,1.057485e-13
60.650,1.930900e-01,5.832959e-07,1.074736e-13
60.700,1.932478e-01,5.424259e-07,1.288648e-13
60.750,1.934205e-01,4.705617e-07,1.621592e-13
60.800,1.936045e-01,3.810891e-07,1.970062e-13
60.850,1.937954e-01,2.877295e-07,2.256428e-13
60.900,1.939879e-01,2.012125e-07,2.435838e-13
60.950,1.941767e-01,1.280998e-07,2.530719e-13
61.000,1.943568e-01,7.131250e-08,2.572121e-13
61.050,1.945241e-01,3.140888e-08,2.568671e-13
61.100,1.946757e-01,7.862440e-09,2.561770e-13
61.150,1.948098e-01,3.553702e-13,2.547970e-13
61.200,1.949260e-01,7.534901e-09,2.551420e-13
61.250,1.950248e-01,3.074266e-08,2.558320e-13
61.300,1.951074e-01,7.029257e-08,2.561770e-13
61.350,1.951758e-01,1.267226e-07,2.534169e-13
61.400,1.952322e-01,1.995102e-07,2.441014e-13
61.450,1.952788e-01,2.857983e-07,2.244352e-13
61.500,1.953182e-01,3.791123e-07,1.961436e-13
61.550,1.953527e-01,4.688056e-07,1.619867e-13
61.600,1.953848e-01,5.411926e-07,1.288648e-13
61.650,1.954169e-01,5.828333e-07,1.085087e-13
61.700,1.954513e-01,5.850490e-07,1.078186e-13
61.750,1.954905e-01,5.473586e-07,1.271397e-13
61.800,1.955366e-01,4.776802e-07,1.600891e-13
61.850,1.955920e-01,3.891614e-07,1.954536e-13
61.900,1.956588e-01,2.956549e-07,2.247803e-13
61.950,1.957389e-01,2.082264e-07,2.444464e-13
62.000,1.958339e-01,1.337948e-07,2.547970e-13
62.050,1.959449e-01,7.554991e-08,2.579021e-13
62.100,1.960722e-01,3.420020e-08,2.579021e-13
62.150,1.962153e-01,9.269919e-09,2.572121e-13
62.200,1.963727e-01,7.140319e-11,2.572121e-13
62.250,1.965416e-01,6.273742e-09,2.572121e-13
62.300,1.967185e-01,2.810451e-08,2.587647e-13
62.350,1.968991e-01,6.621431e-08,2.597998e-13
62.400,1.970785e-01,1.211832e-07,2.579021e-13
62.450,1.972523e-01,1.926264e-07,2.497942e-13
62.500,1.974164e-01,2.779430e-07,2.320257e-13
62.550,1.975676e-01,3.710098e-07,2.044241e-13
62.600,1.977037e-01,4.615262e-07,1.702672e-13
62.650,1.978237e-01,5.359695e-07,1.354202e-13
62.700,1.979275e-01,5.807054e-07,1.147190e-13
62.750,1.980158e-01,5.864752e-07,1.119589e-13
62.800,1.980898e-01,5.520272e-07,1.298999e-13
62.850,1.981514e-01,4.846396e-07,1.609516e-13
62.900,1.982025e-01,3.971853e-07,1.978687e-13
62.950,1.982453e-01,3.036202e-07,2.275404e-13
63.000,1.982820e-01,2.153354e-07,2.492767e-13
63.050,1.983150e-01,1.396107e-07,2.610073e-13
63.100,1.983463e-01,7.991423e-08,2.648025e-13
63.150,1.983784e-01,3.711486e-08,2.648025e-13
63.200,1.984134e-01,1.079516e-08,2.639400e-13
63.250,1.984537e-01,2.578933e-10,2.632500e-13
